driver_id,total_fare,avg_distance
11,194.05,10.465
29,19.32,4.98
42,214.68,24.880000000000003
5,321.93,15.0525
55,167.37,16.63
81,237.85999999999999,25.263333333333332
88,295.45,34.6
1,79.97,45.55
20,341.24,29.46
10,85.4,29.28
