driver_id,total_fare,avg_distance
11,141.99,5.59
69,82.21000000000001,45.995000000000005
64,116.4,3.45
3,86.32,18.34
59,50.47,32.54
16,137.67,47.55
71,22.7,10.59
43,149.45,27.39
5,93.69,24.11
18,87.19,36.12
61,28.06,26.51
75,106.97,2.69
17,81.45,6.43
26,92.53,23.91
89,133.92,11.83
60,116.69,48.7
90,74.74,13.66
55,45.41,21.41
44,125.57,40.92
58,11.29,45.91
48,134.62,48.45
88,50.24,9.46
20,155.31,20.64
39,19.72,8.93
13,33.57,40.71
91,141.41,28.525
76,27.43,49.48
2,82.57,25.01
57,119.88,35.02
