driver_id,total_fare,avg_distance
42,65.77000000000001,28.945
64,246.19,18.185000000000002
85,13.33,4.62
31,97.9,4.91
6,13.04,30.24
44,339.37,31.203333333333333
97,143.09,10.85
36,8.19,8.05
13,179.51,26.255000000000003
14,103.56,16.84
80,70.81,30.025
50,71.53,11.77
