driver_id,total_fare,avg_distance
42,193.04000000000002,27.913333333333338
64,395.87,17.570000000000004
16,223.85,48.54
43,230.0,18.385
17,213.3,22.213333333333335
46,63.86,37.04
77,38.85,1.57
95,24.75,12.03
93,113.15,42.93
82,57.96,21.63
92,118.05,39.95
20,292.76,25.935
56,278.43,39.28666666666667
63,19.06,6.37
62,78.25,42.11
12,133.62,10.49
14,165.57,14.73
66,185.82999999999998,42.595
94,6.63,44.63
