driver_id,total_fare,avg_distance
3,211.02999999999997,11.705
59,203.88,34.416666666666664
99,105.53,10.89
5,188.55,25.225
61,174.14,29.566666666666666
78,124.39,5.48
89,169.56,20.725
25,42.84,17.37
44,410.79,29.175
81,93.09,39.39
56,94.78,48.44
