driver_id,total_fare,avg_distance
35,8.61,25.09
5,225.92000000000002,19.473333333333333
18,211.76,20.634999999999998
26,135.91,17.52
41,92.25,33.58
38,9.03,14.42
44,476.41,30.294
81,205.82999999999998,21.815
48,141.24,24.825000000000003
20,246.18,19.563333333333333
65,118.53,44.59
76,76.56,32.91
